TC Collection,Size Group,rdf2vec-cbow-200-original,rdf2vec-cbow-oa-200-original,rdf2vec-sg-200-original,rdf2vec-sg-oa-200-original,non-rdf2vec-ComplEx-200-original,non-rdf2vec-DistMult-200-original,non-rdf2vec-RESCAL-200-original,non-rdf2vec-RotatE-200-original,non-rdf2vec-TransE-L1-200-original,non-rdf2vec-TransE-L2-200-original,non-rdf2vec-TransR-200-original,rdf2vec-cbow-200-avgbin,rdf2vec-cbow-oa-200-avgbin,rdf2vec-sg-200-avgbin,rdf2vec-sg-oa-200-avgbin,non-rdf2vec-ComplEx-200-avgbin,non-rdf2vec-DistMult-200-avgbin,non-rdf2vec-RESCAL-200-avgbin,non-rdf2vec-RotatE-200-avgbin,non-rdf2vec-TransE-L1-200-avgbin,non-rdf2vec-TransE-L2-200-avgbin,non-rdf2vec-TransR-200-avgbin,rdf2vec-cbow-128-autoencoded,rdf2vec-cbow-oa-128-autoencoded,rdf2vec-sg-128-autoencoded,rdf2vec-sg-oa-128-autoencoded,non-rdf2vec-ComplEx-128-autoencoded,non-rdf2vec-DistMult-128-autoencoded,non-rdf2vec-RESCAL-128-autoencoded,non-rdf2vec-RotatE-128-autoencoded,non-rdf2vec-TransE-L1-128-autoencoded,non-rdf2vec-TransE-L2-128-autoencoded,non-rdf2vec-TransR-128-autoencoded,rdf2vec-cbow-256-autoencoded,rdf2vec-cbow-oa-256-autoencoded,rdf2vec-sg-256-autoencoded,rdf2vec-sg-oa-256-autoencoded,non-rdf2vec-ComplEx-256-autoencoded,non-rdf2vec-DistMult-256-autoencoded,non-rdf2vec-RESCAL-256-autoencoded,non-rdf2vec-RotatE-256-autoencoded,non-rdf2vec-TransE-L1-256-autoencoded,non-rdf2vec-TransE-L2-256-autoencoded,non-rdf2vec-TransR-256-autoencoded,rdf2vec-cbow-512-autoencoded,rdf2vec-cbow-oa-512-autoencoded,rdf2vec-sg-512-autoencoded,rdf2vec-sg-oa-512-autoencoded,non-rdf2vec-ComplEx-512-autoencoded,non-rdf2vec-DistMult-512-autoencoded,non-rdf2vec-RESCAL-512-autoencoded,non-rdf2vec-RotatE-512-autoencoded,non-rdf2vec-TransE-L1-512-autoencoded,non-rdf2vec-TransE-L2-512-autoencoded,non-rdf2vec-TransR-512-autoencoded
tc04,50,0.64,0.8319444444444445,0.9129824561403508,0.923391812865497,0.9400000000000001,0.9199999999999999,0.9600000000000002,0.8400000000000001,0.9,0.95,0.9099999999999999,0.6599999999999999,0.8099999999999999,0.9235087719298246,0.8894736842105264,0.89,0.8899999999999999,0.9100000000000001,0.76,0.8800000000000001,0.93,0.86,0.6270760233918129,0.7988888888888889,0.8746685340802987,0.9016959064327486,0.9559210526315789,0.9039766081871345,0.945921052631579,0.7540643274853801,0.8130409356725146,0.945921052631579,0.8821783625730995,0.653874269005848,0.8416959064327486,0.886454248366013,0.9455555555555556,0.9257309941520468,0.9342836257309941,0.9589473684210527,0.6938742690058479,0.8135672514619884,0.9242836257309941,0.8244883040935672,0.7122076023391812,0.8411695906432748,0.8929038281979459,0.9133918128654971,0.9211988304093568,0.9042836257309942,0.9478947368421051,0.755233918128655,0.8236257309941519,0.9448099415204678,0.8900877192982456
tc04,5000,0.7017937853563924,0.8740200080360883,0.958465076187504,0.9691247947990679,0.9894140011314047,0.9833248222078552,0.9904227816389204,0.8622796427994182,0.9321832471310814,0.9865683327945692,0.9719617302408275,0.6634185227089058,0.8613975074744724,0.9333161410418629,0.9430861527008247,0.9579115605301439,0.9379440318409568,0.9578898900921287,0.8281869039922418,0.903576567803459,0.9683008041053822,0.9356407426862777,0.6396681005896843,0.8612803654796227,0.9174298891259165,0.9368206342397787,0.9588991640128677,0.9466283233756382,0.9546806542847491,0.7952879713703009,0.8664230215428788,0.9544344222965024,0.9248648080651336,0.656881228538879,0.8682868805074617,0.9131002364599053,0.935832556985636,0.9669494847174237,0.9581836620678427,0.9600652322503642,0.8058735702061247,0.8790226786403348,0.9622990433244581,0.9289447998857762,0.6675302668753373,0.8634127029256915,0.9288590399511086,0.9461154248646346,0.9750997151568044,0.9656729536556531,0.9554144306564707,0.8187915430274695,0.8873374913757768,0.9684433252609204,0.9473296628845762
tc04,500,0.6519999999999999,0.8623990929705215,0.9413098250686159,0.9430981502584114,0.982,0.9729999999999999,0.9780000000000001,0.842,0.908,0.974,0.932,0.643,0.8433087008068879,0.9107097631001537,0.9133563332636768,0.9410000000000001,0.921,0.9410000000000001,0.8,0.858,0.9550000000000001,0.9030000000000001,0.6228260331083085,0.846435040344395,0.9042755688151946,0.9103239560516236,0.9451435158534954,0.9307197539263058,0.9301306423383979,0.7814454271111344,0.8218962734255527,0.9321903407934597,0.8896224524802159,0.6197893778963955,0.8502435857591768,0.8961779060853873,0.9013705832953308,0.9615581779382605,0.9437085724585856,0.9396167309179502,0.7769517272256818,0.8204176042702391,0.93826554096092,0.8944104755757903,0.6308976631139487,0.8462270681538268,0.9057214212028581,0.9177920278094318,0.9686333781057209,0.9576409894116212,0.934062117326914,0.7623702269436741,0.854895808257889,0.9594475378094091,0.8941416261098609
tc04_hard,50,0.525,0.974025974025974,0.76,0.8441558441558441,0.825,0.8625,0.7125,0.65,0.6375,0.7875,0.7125,0.6125,0.935064935064935,0.84,0.8701298701298701,0.7,0.75,0.6625,0.5125,0.575,0.7375,0.6625,0.5714285714285714,0.922077922077922,0.7916666666666666,0.8051948051948052,0.7662337662337663,0.7922077922077922,0.7272727272727273,0.5584415584415584,0.6883116883116883,0.6753246753246753,0.7142857142857143,0.5454545454545454,0.922077922077922,0.75,0.7792207792207793,0.7272727272727273,0.7792207792207793,0.7532467532467533,0.6233766233766234,0.5584415584415584,0.7532467532467533,0.6623376623376623,0.5714285714285714,0.974025974025974,0.8055555555555556,0.8441558441558441,0.7402597402597403,0.8051948051948052,0.6623376623376623,0.5584415584415584,0.6363636363636364,0.7402597402597403,0.7012987012987013
tc04_hard,5000,0.681125,0.9921099516416391,0.9608769856899042,0.9829473148383813,0.9345,0.9175,0.914875,0.78875,0.81775,0.909375,0.847,0.67125,0.9749300076355306,0.9165025600630169,0.9488419445151438,0.877875,0.8655,0.84525,0.7365,0.76025,0.839125,0.775625,0.6575464494782387,0.9741664545685925,0.9036096256684492,0.9308984474420973,0.8827946042249937,0.8684143547976584,0.8419445151438025,0.7042504454059557,0.7344107915500128,0.7974039195724103,0.7934588953932298,0.6745991346398574,0.9820565029269535,0.9112299465240642,0.9415881903792314,0.8908119114278442,0.8733774497327564,0.8500890811911428,0.7095953168745228,0.7234665309238992,0.8215831000254518,0.784296258589972,0.6739628404174091,0.9840926444387885,0.9179144385026738,0.9601679816747264,0.9049376431662001,0.8787223212013235,0.8217103588699415,0.7255026724357343,0.7550267243573429,0.8442351743446169,0.792568083481802
tc04_hard,500,0.61,0.9872448979591837,0.9111405835543767,0.9655612244897959,0.8775,0.87125,0.81125,0.73625,0.75375,0.825,0.815,0.60375,0.9706632653061225,0.8660477453580901,0.8915816326530612,0.8275,0.83625,0.7675,0.6775,0.71625,0.78375,0.73,0.5854591836734694,0.9604591836734694,0.8673883626522327,0.8788265306122449,0.8456632653061225,0.8405612244897959,0.7869897959183674,0.6466836734693877,0.6696428571428571,0.7487244897959183,0.7346938775510204,0.6262755102040817,0.9744897959183674,0.8768606224627875,0.8852040816326531,0.8558673469387755,0.8163265306122449,0.7946428571428571,0.6454081632653061,0.6772959183673469,0.7869897959183674,0.701530612244898,0.6186224489795918,0.9821428571428571,0.8700947225981055,0.9362244897959183,0.889030612244898,0.8494897959183674,0.7614795918367347,0.6454081632653061,0.6823979591836735,0.8010204081632653,0.7461734693877551
tc03,50,0.7749999999999999,0.871875,0.8707430340557276,0.859375,0.7749999999999999,0.8875,0.8999999999999999,0.65,0.7749999999999999,0.85,0.8125000000000001,0.775,0.828125,0.8332430340557275,0.8812500000000001,0.6625000000000001,0.7,0.8624999999999999,0.5875,0.7375,0.8125,0.7375,0.7843749999999999,0.821875,0.8113680340557275,0.871875,0.75625,0.703125,0.8875,0.68125,0.775,0.7875,0.765625,0.784375,0.83125,0.8100812693498453,0.86875,0.696875,0.65625,0.8843749999999999,0.571875,0.696875,0.7625,0.790625,0.784375,0.80625,0.8707430340557276,0.84375,0.7000000000000001,0.7374999999999999,0.890625,0.61875,0.7374999999999999,0.7781250000000001,0.734375
tc03,5000,0.8492414019236374,0.9021026348076466,0.9487911139614229,0.9613758770854949,0.8767614883901681,0.8908306373263383,0.9493483313902652,0.7803942363742349,0.8194483751092976,0.9324027980180706,0.8542914966482075,0.8259808850675217,0.8522409524807595,0.9262576812848495,0.9320986513753244,0.7873325075293889,0.7648432672690177,0.9066875303604391,0.7047154133877391,0.7857075075293889,0.8834723477120374,0.8245957203924998,0.7955251532307267,0.8315218656574804,0.9075531864135374,0.9099775416417959,0.7856373227829205,0.778693648682473,0.8918003817594247,0.6941617229565996,0.7732416154650616,0.8506627095258261,0.810469806261172,0.7937123737181448,0.8800222012562839,0.8994074921413558,0.9167138526676519,0.7979292447858372,0.7875116607152893,0.9038850544664132,0.7056078922336696,0.7730853732854528,0.8666272313276503,0.8051003602404476,0.8133996049306709,0.8630990998322337,0.9221836006793297,0.9388290339657872,0.8082970709714773,0.809692980777806,0.9120434235380399,0.7050484960472319,0.7731512859909242,0.8823419266090945,0.818834294816746
tc03,500,0.8279255319148936,0.9271980612492254,0.9566065740677543,0.9677177949122994,0.8745212765957446,0.8859308510638298,0.9345212765957447,0.7743617021276595,0.8170212765957447,0.9095212765957448,0.8484308510638298,0.8277659574468085,0.8491569713074357,0.9216808864013833,0.9076166011680585,0.7618617021276596,0.7248138297872341,0.8996808510638298,0.682154255319149,0.7567021276595745,0.8534308510638298,0.8006117021276595,0.7591445916709791,0.8436694561769361,0.8917516175580692,0.9141633315353322,0.7656463981609263,0.7540204883272957,0.8961996327123225,0.6516949619535009,0.7473476462921435,0.8363418488729802,0.8071185946274894,0.7943379627633067,0.8483387328547761,0.9163862123539542,0.9162055300771856,0.7715928108168977,0.7612049246018056,0.8987536656891496,0.6782977875289901,0.7337390598345889,0.8623203692522953,0.7680959859505875,0.8068495228614417,0.8701757310198518,0.9262364427687008,0.9338245427940293,0.7809265268913039,0.7600898842552661,0.893959848724436,0.6804317187529948,0.7613841061228989,0.8690494245107623,0.7880594218992583
tc02,50,0.8699999999999999,0.95,0.9482352941176471,0.9266563467492261,0.78,0.8,0.8600000000000001,0.68,0.8,0.9199999999999999,0.89,0.8200000000000001,0.8966563467492259,0.9247058823529413,0.8856037151702788,0.74,0.73,0.79,0.6799999999999999,0.75,0.89,0.76,0.8126006191950463,0.8415479876160991,0.9257142857142858,0.8856037151702786,0.6553869969040248,0.7590712074303406,0.8180185758513933,0.6127244582043343,0.7731269349845202,0.916656346749226,0.7374922600619195,0.8554179566563468,0.8731269349845201,0.9257142857142858,0.8966563467492259,0.7090712074303406,0.7803095975232198,0.8426006191950464,0.6409597523219814,0.7590712074303405,0.874891640866873,0.7544891640866873,0.8361300309597522,0.8871826625386998,0.9357142857142857,0.9571826625386997,0.7067801857585139,0.7403095975232198,0.7785448916408668,0.7021981424148607,0.7290712074303405,0.8961300309597524,0.7667801857585139
tc02,5000,0.8654987865810135,0.956200756339274,0.9532940111546756,0.9613071096013581,0.8703838686652391,0.855329193433262,0.9010510349750179,0.7117079229122055,0.8535760885082084,0.9733061384725197,0.834015346181299,0.7853790863668808,0.926541366006103,0.9260672626174145,0.9365421399238721,0.7529535331905781,0.7488991434689508,0.857408137044968,0.7040668807994289,0.8154633119200569,0.9280853675945753,0.7924268379728765,0.8322228462128788,0.8872128520481745,0.921176564416663,0.9155962172831169,0.7665508696901292,0.6846609581693245,0.8412872731262775,0.6814740511962247,0.7816367092529635,0.8792865300476833,0.7961257637453378,0.8499334284695713,0.9341056646685264,0.9042902767404893,0.9248797668961887,0.7719669050071123,0.7694810603016464,0.8470111150941202,0.6955037910879067,0.7954244221073707,0.916782608156405,0.7796972829377792,0.8605782139886544,0.9194546395778594,0.9215811537359982,0.9356191219734805,0.7742626707751523,0.775652923144155,0.8664994358951489,0.6927042564737009,0.8125482341269759,0.9358509537468629,0.7949773008862412
tc02,500,0.8640000000000001,0.9456719114504905,0.9305315859300916,0.9496209894797623,0.742,0.849,0.8733333333333334,0.7716666666666667,0.8443333333333334,0.8996666666666666,0.8116666666666668,0.8263333333333331,0.8947585056332894,0.8868854807279686,0.8881409254133092,0.6483333333333333,0.7313333333333333,0.8606666666666666,0.7206666666666667,0.7993333333333335,0.8119999999999999,0.7773333333333333,0.8345020243625363,0.8674949249394175,0.9223631350534456,0.8971678851220946,0.5473172417692438,0.6145180323978573,0.751767611884007,0.6790645284257268,0.7516186119101356,0.862882963123036,0.6788759263258429,0.8427129437061798,0.9146501399302226,0.9052755865652194,0.9217436621691361,0.6504216443388027,0.749745744383594,0.7440353525083605,0.5987129882251345,0.7719480254259279,0.8757299329258894,0.7697075294147131,0.8447069773064309,0.9119200328985194,0.8984509622081849,0.920600448173271,0.6427664285491714,0.7396195833022647,0.7480663066204161,0.6884345837825631,0.8070203796342723,0.8857752529352536,0.7828759575973834
tc02_hard,50,0.621875,0.7483333333333333,0.6942286516055698,0.7516666666666666,0.6125,0.6218750000000001,0.6625000000000001,0.60625,0.675,0.7781250000000001,0.6656249999999999,0.634375,0.7702083333333334,0.6524563086104006,0.6541666666666667,0.58125,0.565625,0.64375,0.5656249999999999,0.66875,0.8,0.659375,0.565625,0.7435416666666667,0.6748672385620915,0.6479166666666666,0.5983333333333333,0.6014583333333333,0.6039583333333334,0.6229166666666668,0.71625,0.7616666666666667,0.6427083333333333,0.5775,0.7760416666666666,0.6873672385620915,0.6847916666666667,0.6460416666666666,0.6056250000000001,0.6835416666666667,0.6022916666666667,0.7041666666666666,0.7404166666666666,0.641875,0.5939583333333333,0.7777083333333333,0.6678359885620915,0.6725,0.6027083333333333,0.625625,0.6295833333333333,0.551875,0.6593749999999999,0.7741666666666667,0.6447916666666667
tc02_hard,5000,0.6212832991803279,0.7722854384377715,0.637201470703347,0.7941080974411444,0.6076849385245902,0.6224861680327869,0.7290025614754099,0.6490578893442623,0.7795891393442623,0.873470286885246,0.7146127049180329,0.6517228483606556,0.7744186375663253,0.6196803553582636,0.7545774079850384,0.5788002049180329,0.6071321721311476,0.7378324795081967,0.5660609631147541,0.7321178278688524,0.8381880122950819,0.691922643442623,0.6161465242230143,0.7910080755148943,0.6179335150423543,0.6996859252392422,0.6212157135782171,0.5116055226690589,0.7035895920240918,0.5726240427036813,0.7317023567336357,0.7756804438619604,0.6384057993677812,0.6128773168168045,0.8283762334260271,0.6074923013391781,0.7576814363404072,0.5696652407923313,0.5870654593786505,0.7696807937504285,0.5854092370573272,0.7565208071726136,0.79897140207063,0.6491596704500174,0.6703332502857355,0.8315021735694147,0.6012914220403992,0.7737767264333104,0.6051085116986255,0.6303019152307643,0.6929355033271564,0.5695594187442611,0.7515859200330783,0.8205599494177527,0.6851495218920359
tc02_hard,500,0.619672131147541,0.7608862972217685,0.6405770118751349,0.7689458284931394,0.6352510245901639,0.6488165983606557,0.7255071721311475,0.642202868852459,0.7642161885245902,0.8287243852459016,0.6866393442622951,0.6488524590163934,0.7759224828846905,0.6201460521453758,0.7449871959816141,0.6079252049180328,0.5627459016393442,0.7664600409836066,0.5932735655737705,0.711782786885246,0.831654713114754,0.6314497950819672,0.5854423868312757,0.747983801390812,0.6148047206870736,0.709648402663791,0.6305566183722751,0.5843471187747282,0.7400363058191342,0.5884881361312337,0.7271784908569421,0.7592570627713726,0.6432984446031584,0.590107089412645,0.788435906434972,0.6118626648038413,0.7284202061669385,0.607464799510254,0.6129081924746909,0.7228703278577016,0.586436545590586,0.7251240661383759,0.7856935658492897,0.6473591130156787,0.5923175356256164,0.8209329212805034,0.6324799589505473,0.7525385106586857,0.5970785294017618,0.5989016852021903,0.689256906891587,0.6534285050278317,0.7400849828248818,0.8074554467231235,0.6108724733303857
tc05,50,0.7333333333333334,0.8333333333333334,0.9249999999999999,0.9583333333333334,0.8583333333333334,0.7666666666666666,0.8333333333333334,0.6333333333333334,0.7666666666666666,0.8500000000000001,0.7833333333333333,0.7250000000000001,0.8250000000000001,0.9130116959064328,0.9249999999999999,0.7833333333333333,0.6749999999999999,0.775,0.6166666666666667,0.7333333333333333,0.8500000000000001,0.75,0.6043859649122808,0.8083333333333332,0.9153508771929825,0.9162280701754386,0.8232456140350877,0.7649122807017544,0.8324561403508772,0.636842105263158,0.731140350877193,0.8149122807017544,0.6960526315789473,0.6043859649122808,0.8416666666666667,0.9340852130325814,0.9583333333333334,0.7732456140350878,0.706578947368421,0.8570175438596491,0.6390350877192982,0.6473684210526316,0.8736842105263158,0.7640350877192983,0.6302631578947367,0.8666666666666667,0.9157894736842106,0.9333333333333335,0.7986842105263158,0.7644736842105262,0.7903508771929824,0.6214912280701755,0.6890350877192982,0.8491228070175438,0.7714912280701754
tc05,5000,0.7725170100156463,0.9046409872086514,0.9867578413612786,0.991328596682573,0.9081598786717312,0.9036751461949027,0.9090116772803164,0.8018720568036306,0.8649094441705595,0.9492179783042718,0.881356303053252,0.7653350374848017,0.8851326242510749,0.9664192723319472,0.9602176101449871,0.8285766823653905,0.805100558614384,0.8782746301644123,0.7404354563593177,0.8344690964973888,0.9145413784968661,0.8482396305852378,0.6483234124675635,0.8377555760242837,0.9602492693406411,0.9742313456293386,0.8619600312852617,0.852738797543591,0.8797851236328028,0.723398580681117,0.8065690568291237,0.8992400200373604,0.8510657142136174,0.703813315109712,0.8751949671228741,0.9482348284059455,0.9629532665109067,0.8481063186458937,0.8651294053866717,0.8827382333001969,0.6667780305944571,0.8029106923155008,0.9123751912714649,0.8305055597603715,0.6613814236400026,0.8972803535609146,0.974060976858618,0.97731424425172,0.8787196009666008,0.8768950133983365,0.8722849824287268,0.7044183924822335,0.7971298753898982,0.9171952713633075,0.8343847148793767
tc05,500,0.7599999999999999,0.8613088372766652,0.9487287600507011,0.9831115755253687,0.8450000000000001,0.8424999999999999,0.8441666666666666,0.6924999999999999,0.79,0.8791666666666668,0.85,0.7258333333333332,0.8510301976992344,0.9437182413429098,0.9676117496807152,0.7766666666666667,0.775,0.8375,0.6349999999999999,0.7399999999999999,0.8775000000000001,0.7883333333333334,0.6171100595958398,0.8196931963311274,0.9402438326597234,0.9601347399818784,0.7921856944848412,0.8163040943862132,0.8033940782394392,0.6134157040244848,0.7265059440237186,0.8271143416628663,0.7706702108177401,0.683864255782137,0.8540200859166377,0.9533050373915981,0.9696088506824375,0.7971263021254132,0.8469081052257378,0.8420547966930833,0.7055880525841421,0.7282474196880525,0.8348924096995551,0.7712236417977619,0.7073366829810128,0.8732829479772245,0.9480847725423965,0.9572091097011111,0.8577907466656134,0.8002554637499536,0.7907244204098097,0.6420279073469617,0.7343312644156939,0.8559941547241583,0.7679865457513876
tc11,50,0.7583333333333333,0.9407407407407408,0.9583333333333334,0.9555555555555556,0.8916666666666666,0.7444444444444445,0.9138888888888889,0.8194444444444443,0.9527777777777778,0.9916666666666667,0.9277777777777777,0.8194444444444445,0.9379629629629629,0.9324074074074075,0.9055555555555556,0.8972222222222223,0.7888888888888889,0.9249999999999999,0.7833333333333333,0.8888888888888888,0.9555555555555556,0.9305555555555555,0.7342592592592593,0.8546296296296295,0.93125,0.9333333333333335,0.8574074074074075,0.7768518518518519,0.9175925925925926,0.8268518518518518,0.8157407407407408,0.9324074074074074,0.8842592592592592,0.8101851851851852,0.9055555555555556,0.9229166666666666,0.9324074074074074,0.9074074074074074,0.8240740740740741,0.912962962962963,0.7000000000000001,0.8935185185185185,0.9416666666666668,0.8574074074074075,0.7425925925925926,0.9574074074074074,0.9645833333333332,0.9657407407407407,0.8166666666666668,0.787962962962963,0.9157407407407407,0.8379629629629629,0.8740740740740741,0.9407407407407408,0.9166666666666666
tc11,5000,0.858682477057477,0.7726452049521914,0.9400649080905445,0.8950478220011111,0.9480164141414141,0.8735060427560427,0.9543080808080808,0.8440661133161133,0.9109621212121213,0.9598712121212122,0.9251740639240639,0.855926604926605,0.8938359854711835,0.9647369958390075,0.8903628138429208,0.8968358585858587,0.7674095424095424,0.9233593077343077,0.8365747758247758,0.9082828282828282,0.932260101010101,0.9303236838236838,0.7672104442827147,0.8660317022779566,0.8433908504857168,0.84881112769407,0.8477594318770919,0.8930589801064205,0.892857964611951,0.8034159372364077,0.827952071972573,0.9160598007408941,0.9096297822377766,0.7092579886550169,0.8571859314555645,0.9483016864253457,0.9166963123356737,0.9223729320540254,0.8323184598698866,0.9383786613285475,0.8575217820578467,0.8183630151170015,0.9242999470789903,0.9307041716300922,0.7095226734676047,0.8610418230859658,0.8895082747281412,0.8837261491517635,0.8502996939785095,0.8946900669565817,0.9160885621591772,0.8556234405947425,0.8570960171187961,0.9523624628977704,0.9297534715031869
tc11,500,0.7822727272727272,0.8751685211708856,0.9459698271852969,0.9665717078620304,0.9099747474747475,0.9246969696969698,0.9389898989898989,0.799135101010101,0.8897474747474746,0.9604797979797981,0.9453282828282829,0.8097727272727272,0.8668178491552921,0.9010407946872036,0.8877421182656785,0.825296717171717,0.7761174242424241,0.883888888888889,0.8135479797979798,0.903503787878788,0.9335353535353536,0.9175505050505052,0.7298113992531509,0.8268611391985822,0.864939596752213,0.9669461400503455,0.8675757575757576,0.8344139347198013,0.9425974025974027,0.8012898595081447,0.9245887445887445,0.9225108225108225,0.8882251082251083,0.7623529003171323,0.8345531679377314,0.9146392438277257,0.8971428571428571,0.8654978354978354,0.9112302751012429,0.9022510822510822,0.6709024921259586,0.878008658008658,0.9087012987012987,0.9068853598905413,0.7427539355735914,0.9518410734117541,0.93997668997669,0.8867099567099567,0.8331168831168831,0.8788660801564028,0.8454400310258575,0.7642229607263871,0.8941125541125542,0.9477056277056276,0.9253556939467019
tc11_hard,50,0.6181547619047619,0.6854213599730478,0.6798171191553545,0.741611127093722,0.6687500000000001,0.6848214285714286,0.7357142857142858,0.6214285714285714,0.6517857142857143,0.7008928571428572,0.6660714285714286,0.6577380952380952,0.7052078576603893,0.6780448717948718,0.7213948684149106,0.7151785714285714,0.6687500000000001,0.699702380952381,0.6014880952380953,0.6397321428571429,0.6961309523809524,0.6985119047619047,0.6220468574635242,0.6930671048946366,0.7008522727272727,0.7067521964673864,0.6668891293891295,0.679313973063973,0.6714135401635403,0.5794933461600128,0.6872775372775373,0.6567350088183422,0.6719175885842552,0.6213033108866443,0.7054940034765984,0.7483875408217514,0.6953826237054085,0.6825321669071669,0.6296596921596921,0.6683561808561809,0.6237539081289081,0.6542673761423762,0.6933271204104537,0.6859577922077923,0.6471821388488055,0.682436994264526,0.705449703804967,0.7242682120582965,0.6778639570306236,0.6373877665544332,0.7008733164983165,0.6362539081289081,0.6822946729196729,0.6809443642776976,0.6715638528138528
tc11_hard,5000,0.6868445819486002,0.6800958213972552,0.7247607432561712,0.7366498188291444,0.7227853976697061,0.7152502377699982,0.7255991641337386,0.627050138300829,0.7120475557244174,0.8056476697061804,0.7526805977710233,0.6754237012091036,0.7155243523481699,0.6946627936480843,0.7265471544432073,0.7124372467071934,0.6865843745934503,0.7044217325227965,0.6350785210164038,0.6882320183050867,0.7795018996960487,0.7319835598677753,0.629305371427525,0.7175422909545203,0.6984401347579048,0.6906688389755199,0.6866877618043642,0.6816346351836458,0.6794668307603119,0.6725003028198161,0.6674819958776658,0.689875131677581,0.6895976264046654,0.6602066011944718,0.7090376551088466,0.7404711537468691,0.7121921993352766,0.7050891412583177,0.6753769339847967,0.7066152221011377,0.6230177562552441,0.6596020524397517,0.7246116630248447,0.697386028298237,0.6532282537083014,0.7053682573843559,0.7384478000425444,0.7273045688931657,0.698741654453297,0.6945365394268793,0.6840332313172803,0.626332284559964,0.7202856337137615,0.7698413621424831,0.6995479313791023
tc11_hard,500,0.6591156914893617,0.6935188731570882,0.7339328883490808,0.7183028932138958,0.6963570162107398,0.6923182624113475,0.6959061550151975,0.619967071935157,0.682253672745694,0.7555794072948329,0.7257111195542046,0.6586312689969605,0.7129531465926242,0.7295110201543951,0.677067691118937,0.6683434650455927,0.6608675278622087,0.6848809523809524,0.606904761904762,0.673845934650456,0.7630800405268491,0.7036315856129686,0.6191980600502475,0.6676000536911002,0.7147403805986813,0.7384554708567458,0.6594064627258305,0.6664902575195158,0.6609646217954024,0.6363632939722789,0.6765344471880979,0.696090243435178,0.6640594332774089,0.6324021003591436,0.6616510458063981,0.7078184111456471,0.730318471669163,0.6623626190410485,0.6904916898182956,0.6893633940316198,0.6130726695982364,0.668512566739862,0.6905490409039957,0.7218357301112349,0.6077302423163154,0.6774341102596754,0.699402567562859,0.7246988954280535,0.6869976294806357,0.6906572547058397,0.6718910771941858,0.6360531018020256,0.6850158579037212,0.7068230215893516,0.7287588732266923
tc10,50,0.9083333333333333,0.8881578947368421,0.9290849673202614,0.9385477582846004,0.9416666666666668,0.9250000000000002,0.9500000000000001,0.8250000000000001,0.9500000000000001,0.9916666666666667,0.875,0.8916666666666666,0.8710526315789474,0.9138888888888889,0.8969298245614036,0.7416666666666667,0.7416666666666667,0.875,0.7833333333333333,0.9249999999999999,0.9916666666666667,0.775,0.8723196881091617,0.8627192982456139,0.9219298245614035,0.8797758284600389,0.7011695906432749,0.7372319688109162,0.9144249512670566,0.7793372319688109,0.8731968810916179,0.9578947368421052,0.7933235867446395,0.8807017543859649,0.8789473684210526,0.9385964912280701,0.9135477582846003,0.7872319688109162,0.7459064327485381,0.9231968810916178,0.7621832358674463,0.9319688109161794,0.9662280701754385,0.7442495126705652,0.931140350877193,0.8969298245614036,0.913157894736842,0.9218810916179337,0.8380116959064328,0.7275341130604289,0.8714912280701755,0.7885477582846003,0.9578947368421052,0.9833333333333334,0.802972709551657
tc10,5000,0.9185097402597403,0.9059750148050211,0.9458070569752559,0.9589548218877421,0.9407359307359306,0.9188048340548342,0.9291962481962482,0.8784765512265512,0.9570595238095239,0.9845,0.893060606060606,0.8770306637806637,0.8829005091152329,0.9368052416460483,0.943070943968913,0.7768383838383838,0.7518145743145744,0.9022438672438673,0.7906684704184704,0.9297932900432899,0.9681468253968255,0.850046176046176,0.8516124974522267,0.862632010837812,0.9144915219266383,0.9140393419791765,0.7995528084324576,0.7621429412567441,0.9080139043741133,0.7661410223162806,0.9066407085964882,0.9565198751195504,0.8079768039631712,0.8598935120031793,0.8828419946083733,0.9222510147355072,0.9211081610614297,0.8369078951093476,0.8318338607793431,0.9088261464265409,0.764629349051432,0.9249627362731844,0.9732306981852137,0.8252995142614591,0.8703323185746287,0.8893624721670754,0.9218964906261462,0.9318620896323672,0.849403140547111,0.8259027275114184,0.9123755250884078,0.7914798035205114,0.9389809261903787,0.980015826268663,0.8443562440634396
tc10,500,0.9101262626262626,0.9079385103652603,0.9509729681379185,0.9566717502905977,0.9373629148629147,0.9477994227994228,0.9437698412698413,0.8942604617604619,0.9665079365079364,0.9851984126984127,0.8841991341991342,0.8804906204906205,0.8964461261700046,0.9281863088495951,0.9331457382111988,0.807128427128427,0.7935822510822511,0.9030772005772004,0.8195526695526696,0.944404761904762,0.9782142857142858,0.8501948051948052,0.8606423218046375,0.8728199838856767,0.9162689030782546,0.9080660910306096,0.7784622377895322,0.7663955200861889,0.9065514144265299,0.7657381920919398,0.9073696089919645,0.9678154233804032,0.8137242127793237,0.8738943109906817,0.8974273958091105,0.9289961376884318,0.9054437987317616,0.8221408265929515,0.828671902840783,0.9141297760176738,0.8100368080136149,0.9477281215853268,0.9640097774312607,0.8307640981354405,0.8758991681424964,0.8898563506529561,0.9222754795052754,0.9258699930836206,0.8489330521950288,0.827695295088639,0.9213249784720925,0.813303725011994,0.9533280536085901,0.9838629282724355,0.8222767435517099
tc10_hard,50,0.8020833333333334,0.797876631104479,0.7647833943636742,0.777909853859221,0.7208333333333333,0.7645833333333333,0.7708333333333334,0.71875,0.7833333333333333,0.7895833333333334,0.7145833333333332,0.7333333333333333,0.7311640802938272,0.741834898530663,0.7099818079248458,0.6208333333333332,0.6041666666666666,0.7250000000000001,0.71875,0.7437499999999999,0.7145833333333332,0.6354166666666666,0.6744541411471792,0.6766199956864515,0.7204714421337725,0.724370293911433,0.6294706963219622,0.5785617160617161,0.7171461976841723,0.6718719132484955,0.7338919782748897,0.7084542742770591,0.6282821696587519,0.6856526911906659,0.6973180125078859,0.7574586004219871,0.7631412188374213,0.5913309176758543,0.6085880013095203,0.7151454382467041,0.6761953763536042,0.7506863916674044,0.7443302039029888,0.61948403214226,0.6851906707919366,0.7228002394932774,0.7713679049491406,0.7631134688096713,0.6251436678651868,0.5997495559995559,0.7174236189267834,0.6928572570186494,0.7402481396943421,0.7403272272734297,0.6235480500512146
tc10_hard,5000,0.7177584257424483,0.7057350164616009,0.7385406906806572,0.7371882802125325,0.7385534304598164,0.7432210073572953,0.7114299487699313,0.6629655752329395,0.7748542695358931,0.780205281014382,0.655627171526734,0.6861087194984941,0.6798940062383744,0.6977756883031997,0.6998336257643718,0.5988559495732196,0.594283013544156,0.6722316430509845,0.6347139860254281,0.71982539652087,0.72599810292156,0.6163171524013891,0.6385991242374276,0.6379949922386535,0.6770723967040412,0.6965976289221235,0.606035058497326,0.5914284588724542,0.674972395015803,0.6351722722200267,0.7112698354490786,0.7019927121365269,0.6177252789945249,0.6474261304165917,0.647999655543952,0.7086418456589268,0.6992527976031635,0.619626966006937,0.6132446888611877,0.6632609583148287,0.6193434214837922,0.7349044411223514,0.7246508489313198,0.6054969994246527,0.6611901870412892,0.6637742212682362,0.7034073750114694,0.7141943055509813,0.6335668406374423,0.6187444167234505,0.6719883322398047,0.6309246773084739,0.740427226031022,0.7382568359366397,0.613157446409513
tc10_hard,500,0.7811241462877284,0.7650619630531077,0.7624003964379072,0.7766027896742304,0.7514956488213262,0.7803909176029963,0.7386924432694427,0.7208826283322317,0.783876817580965,0.7723668484247632,0.7012610156422118,0.7325720147609606,0.7362007594823444,0.7449774937439129,0.7352637244388797,0.630943352059925,0.6300151465080414,0.7127981108173608,0.6695684622163472,0.7478891275611369,0.7237093798193435,0.6340960288609826,0.6700106544460386,0.6902125728380114,0.7148808205702654,0.7237963894140682,0.6054070273599169,0.5905085803476763,0.7060020677981167,0.6875128500513986,0.7315882449021456,0.7324050050050309,0.6396012123753648,0.6917867078274703,0.6955047526832935,0.7454380090421471,0.7408297269547561,0.6192643146181164,0.6201151947205915,0.6956998717079906,0.679681395005587,0.7498069563659203,0.7485918977952585,0.6333189973134488,0.6977783355901783,0.7017700403482708,0.7387993952437449,0.7405312294415709,0.629739900920734,0.6138643791403248,0.7001055204432393,0.6848960376591723,0.7568708552875826,0.7495663905311162,0.6449248751376694
tc07,50,0.7,0.775,0.875,0.85,0.825,0.875,0.95,0.875,0.875,0.975,0.9,0.7,0.75,0.7250000000000001,0.85,0.775,0.8,0.925,0.85,0.85,0.95,0.8999999999999999,0.625,0.75,0.825,0.825,0.9,0.825,0.975,0.7,0.8,0.975,0.8500000000000001,0.6499999999999999,0.7749999999999999,0.75,0.825,0.925,0.825,0.9,0.725,0.85,0.975,0.8999999999999999,0.65,0.7,0.825,0.75,0.85,0.7749999999999999,0.925,0.7250000000000001,0.775,0.975,0.875
tc07,5000,0.7433207036535859,0.7704736080651369,0.9380397702031351,0.9527523131084354,0.966936400541272,0.9337983761840325,0.9425642760487145,0.8456850473612991,0.9316376860622463,0.9887043301759134,0.9790118403247632,0.734453653585927,0.7562802261056712,0.9047647171860698,0.9214511536114378,0.8735531123139377,0.846666102841678,0.9042784167794317,0.8085896481732071,0.8834966170500677,0.9696278755074426,0.9382845060893099,0.7077564997867007,0.7303841809513234,0.8881010903132287,0.9262151176235363,0.8852234467340153,0.8546295979369652,0.9192989588820609,0.791836520023008,0.8821105700477607,0.9541971971378649,0.9278225850212923,0.7155481877067773,0.7494682125513525,0.8644128388172632,0.8950160162357964,0.9196015851774058,0.8821767304171568,0.9193594841411299,0.7990060500214134,0.8884820014576151,0.9635850822350434,0.9312627155220993,0.7284838965243474,0.7392934990862774,0.8970760323568038,0.9278225850212923,0.9299691446403422,0.8983653588479998,0.9128064769540685,0.8042767565473721,0.8950350086446767,0.9706335617153109,0.9497963846801804
tc07,500,0.71,0.7465856891821069,0.9346733668341709,0.9447236180904522,0.925,0.8925000000000001,0.8975,0.825,0.9,0.9824999999999999,0.9450000000000001,0.7,0.728442827635108,0.881833022982935,0.9084378949964547,0.845,0.8474999999999999,0.8825000000000001,0.7725,0.8725,0.9575,0.915,0.7016832629404692,0.7049819650399236,0.8783143939393939,0.9159755834386657,0.8405986990165552,0.8344637296914018,0.8883373924838918,0.7557573141782532,0.8386718870425749,0.949748743718593,0.916823380707217,0.6958103400437772,0.7119647316336282,0.8397095959595959,0.8727070937509633,0.8964300027746093,0.8713043746339058,0.9003452847057373,0.770570644634214,0.8453617782162346,0.9597989949748744,0.9023029256713013,0.6720874310201312,0.7390480007398958,0.8820391414141414,0.9184881462527361,0.8914048771464685,0.862656842494682,0.8768844221105527,0.799287850294417,0.8796898603446681,0.9698492462311558,0.9304960384745815
tc09,50,0.76,0.7828328173374614,0.8233333333333333,0.8795975232198142,0.86,0.79,0.9199999999999999,0.6799999999999999,0.86,0.9199999999999999,0.8300000000000001,0.74,0.7302244582043343,0.8166666666666667,0.8888622291021673,0.7699999999999999,0.74,0.8400000000000001,0.68,0.8,0.8800000000000001,0.77,0.6996052631578947,0.775015479876161,0.8728229665071771,0.8455417956656348,0.761578947368421,0.7431578947368421,0.875263157894737,0.6535526315789474,0.8436842105263157,0.8542105263157895,0.7836842105263158,0.6996052631578948,0.7605417956656347,0.8007177033492823,0.8592569659442724,0.8336842105263159,0.8152631578947368,0.8642105263157894,0.694078947368421,0.8092105263157894,0.8963157894736842,0.8026315789473685,0.6785526315789474,0.7948065015479876,0.8446411483253587,0.8585448916408669,0.811578947368421,0.7736842105263158,0.8968421052631579,0.6960526315789474,0.8036842105263158,0.875263157894737,0.8121052631578948
tc09,5000,0.7714497045579355,0.8555345818304785,0.9008485434404114,0.90664256809064,0.8843779887930072,0.8743837269948476,0.9250411871789368,0.7800204374733215,0.8841222799395616,0.9353786251700722,0.8782301306222294,0.7444648810116192,0.8360595500658864,0.8696891301731207,0.8772222978268542,0.8208477631844474,0.7882615232464785,0.8778432301172874,0.7359529955692229,0.8505837860098018,0.911424921753601,0.856795803355042,0.7307942149068983,0.8089179742589885,0.86733999591038,0.8754902526544205,0.8207677995108853,0.8127627037951681,0.8770315278136795,0.725192573795306,0.8275401740152389,0.8812410503619109,0.8385155855090117,0.7273917377430626,0.8196345690886121,0.8690294912668648,0.879819853820433,0.8474907303001519,0.8203665827447149,0.8887445670208681,0.7253553518438531,0.8389041972915079,0.9024042734534834,0.8579480073551778,0.7371087055193983,0.8270550818260733,0.8724715882675665,0.8820667986647297,0.8613370697343088,0.833817305598941,0.887233214194524,0.7422080822084408,0.8525760649664063,0.9076242301088676,0.8617290664674764
tc09,500,0.746,0.8442481407562099,0.8733400539252607,0.8895904696132597,0.866,0.85,0.907,0.749,0.8800000000000001,0.9189999999999999,0.867,0.7140000000000001,0.8175368169922546,0.8619938823107788,0.863935773480663,0.8009999999999999,0.783,0.8789999999999999,0.745,0.833,0.9030000000000001,0.835,0.7210233992552875,0.7941845861199962,0.8614378515601893,0.8613268887625896,0.790691294764263,0.7789495349574458,0.8844723900037215,0.7101241891884978,0.8383938682621018,0.8795658546360174,0.8419893796696535,0.7090258626004587,0.8068980279679611,0.864508031411263,0.8659865028593583,0.8051760512981995,0.7923612343629234,0.8764322846592048,0.6930353047185293,0.8129624710159448,0.8928521741619673,0.8388385194515215,0.7174676948598064,0.8215276298166311,0.8598753410624502,0.8701976603047046,0.8271902964086241,0.8231034943243248,0.8745238027080411,0.7207215899270545,0.8447184038015629,0.8970621189133485,0.8510169587797393
tc09_hard,50,0.6025,0.6139698666497467,0.6403992210321325,0.6512958821103391,0.6725,0.6300000000000001,0.71,0.5599999999999999,0.6725000000000001,0.745,0.6775,0.6074999999999999,0.6344714370313971,0.6414623035192656,0.6699712361071455,0.615,0.6225,0.6849999999999999,0.5675,0.6625,0.7224999999999999,0.6425,0.5788700918964077,0.6469111861933314,0.6407007168458781,0.6850461068282521,0.6429469507101087,0.6546658312447786,0.7009649122807018,0.6063993316624896,0.653517126148705,0.6992690058479532,0.6719298245614035,0.6059586466165413,0.6359682962680965,0.5991272401433692,0.646559040005076,0.6357873851294904,0.6238324979114453,0.7128216374269006,0.5645906432748539,0.6465350877192984,0.7001315789473683,0.6534795321637428,0.5615810359231412,0.6244147288051352,0.6476272401433693,0.649746174508,0.6501796157059314,0.6465162907268172,0.6963157894736842,0.5832289055973267,0.679561403508772,0.7070760233918129,0.6734252297410191
tc09_hard,5000,0.6555460094481907,0.7516975214220138,0.7839849815374262,0.7953367247300991,0.7838288347439142,0.7741424511074826,0.819675041548772,0.6756539498340126,0.7491365430798442,0.8522350469085636,0.7581355769670227,0.6456688306305857,0.7355097890902338,0.7646485379804974,0.7762134828948887,0.7043158000631541,0.6793979928826953,0.7664241897989456,0.6412008288980019,0.7185502398402865,0.8046609200560078,0.7361343150269444,0.6203248632541709,0.7233908735737067,0.7713345535883089,0.7744501424799164,0.7127668427201922,0.7093717503531943,0.7721269673281322,0.6332998503455849,0.7028780495353918,0.7784204576629337,0.7288835622744391,0.6319003765930064,0.7301378864453939,0.7774909286556702,0.7790589774732244,0.7361090984554405,0.7119182983890819,0.7694706877986379,0.6368214009243938,0.711822629576429,0.7997077736124998,0.7329693683120079,0.6312808060568669,0.7326376815062384,0.774384875271275,0.7810949273956114,0.7476440507636811,0.7212108897781581,0.7692950237673628,0.6504705264542562,0.7219214925254759,0.813821711548567,0.7473490136964951
tc09_hard,500,0.63175,0.7288022930085932,0.7673740227958623,0.7659828274429946,0.776,0.76,0.788,0.65425,0.752,0.8262499999999999,0.745,0.63425,0.7207834073880771,0.7438973189514295,0.7547805559173248,0.67925,0.6492500000000001,0.74825,0.6300000000000001,0.6992499999999999,0.7907500000000001,0.71425,0.6080912851904993,0.7063648640580685,0.7534680097760892,0.7507368270755466,0.6864281105307191,0.6792809978535059,0.7415930806384473,0.5977702053354164,0.6937890276392283,0.7618820101867241,0.7049546264585713,0.6139294048428818,0.7051317699767569,0.7471327839095568,0.7452027434297941,0.6820882482423541,0.6808398165959746,0.7608371053412389,0.6058384860528152,0.6854687015584775,0.7738082930738825,0.7152259474542909,0.605682471177547,0.7056868211378016,0.7554265095794411,0.756941329447408,0.7179897399886178,0.7002932524167162,0.7469499351726123,0.6223330804608469,0.705239321239862,0.7929982061484708,0.7297233280013721
tc08,50,0.9166666666666666,0.8481481481481481,0.8640350877192983,0.9111111111111111,0.7999999999999999,0.8166666666666668,0.85,0.7333333333333334,0.8666666666666667,0.9,0.8666666666666667,0.8666666666666666,0.8277777777777778,0.8464912280701755,0.8962962962962963,0.6666666666666666,0.6999999999999998,0.8166666666666668,0.75,0.7666666666666666,0.9166666666666666,0.7999999999999999,0.7777777777777778,0.7962962962962963,0.8692185007974481,0.8777777777777778,0.6870370370370371,0.6759259259259259,0.8407407407407407,0.7055555555555556,0.8277777777777778,0.8444444444444444,0.775925925925926,0.812962962962963,0.7925925925925926,0.886762360446571,0.8592592592592593,0.6574074074074073,0.7611111111111111,0.8611111111111112,0.7462962962962963,0.7981481481481482,0.912962962962963,0.8740740740740739,0.8296296296296296,0.825925925925926,0.886762360446571,0.912962962962963,0.775925925925926,0.7425925925925926,0.825925925925926,0.7574074074074074,0.8629629629629628,0.9296296296296296,0.8092592592592593
tc08,5000,0.8921674463156019,0.8997135874804746,0.9582598451541156,0.965973202910031,0.8834482981377528,0.8643746324512162,0.8737534081796312,0.8311496257685111,0.8983708233092756,0.9670300053461641,0.8702931925510113,0.8550626392230242,0.8580732602823025,0.9324094834334171,0.9232330427037782,0.8049394769669429,0.7273839882384389,0.8456496034928271,0.7306424529983072,0.8538677047135348,0.9327314220796579,0.8365024057738571,0.8153697999979741,0.8592154615134303,0.9128709456697434,0.912587999383776,0.7490619138049048,0.7249544814578374,0.8582467705296281,0.7381818193060612,0.8371937835715398,0.9120935659599168,0.8234469806976051,0.8357913744380824,0.8486726076529377,0.9207130545476848,0.9352130051283686,0.8083402373015497,0.7525724413811953,0.8608502106144503,0.7628106924367772,0.8410522184057093,0.9305131658423824,0.8399379054779872,0.8316804485057813,0.8640367124340881,0.9332326258467122,0.9461057798321489,0.8188667256884341,0.7594004542170021,0.8522148513817749,0.7446185622349111,0.8395495475588888,0.946101938888883,0.8509424719994417
tc08,500,0.9037739463601532,0.887078743370053,0.9391507145980215,0.9561464708282333,0.857624521072797,0.8437931034482758,0.8758812260536398,0.8293869731800766,0.8886206896551725,0.9700000000000001,0.8672030651340995,0.8727777777777778,0.8584414524683802,0.908550012752546,0.934814361485108,0.7860536398467431,0.7171455938697319,0.8538888888888888,0.7840613026819924,0.8595402298850573,0.9379310344827586,0.8251340996168581,0.8478335373317014,0.8519645042839658,0.9012614433287509,0.9104426764585885,0.7574683802529579,0.6923153814769482,0.8525581395348837,0.7605365157078744,0.8347654018767848,0.8978172174622604,0.8050611995104039,0.8439657282741738,0.8477070583435333,0.9178545813161199,0.9254916360669115,0.7737923296613628,0.7118788249694002,0.8721521827825377,0.7826988984088127,0.8406670746634027,0.9326927784577723,0.8194879640962872,0.8537739698082416,0.8425234598123215,0.9207490337298029,0.9233700530395756,0.8059934720522236,0.7192146062831496,0.8483945328437371,0.7642594859241126,0.8671685026519788,0.9297429620563036,0.8427662178702571
tc06,50,0.6300000000000001,0.85,0.8875,0.9199999999999999,0.9700000000000001,0.89,0.9400000000000001,0.78,0.8800000000000001,0.95,0.89,0.6300000000000001,0.82,0.835,0.8866666666666667,0.93,0.8800000000000001,0.9099999999999999,0.79,0.8200000000000001,0.9200000000000002,0.8699999999999999,0.6456140350877193,0.8056140350877193,0.805,0.8828070175438597,0.9350877192982457,0.8735087719298246,0.9178947368421053,0.729122807017544,0.7678947368421053,0.9156140350877193,0.8268421052631579,0.6317543859649122,0.8400000000000001,0.8474999999999999,0.8866666666666667,0.9894736842105264,0.8768421052631579,0.9089473684210526,0.7173684210526315,0.722982456140351,0.9184210526315789,0.8285964912280701,0.6507017543859648,0.86,0.86,0.9,0.968421052631579,0.8940350877192984,0.894561403508772,0.7268421052631578,0.7535087719298247,0.9250877192982457,0.8817543859649122
tc06,5000,0.6942799885079388,0.8503559835590437,0.9564314180566903,0.9639085498904905,0.9899634027431524,0.9842085509731048,0.9899341959519816,0.8662716213154649,0.928046850208605,0.983869622966985,0.9753641030912524,0.6640688797223557,0.8403041858379678,0.9289323543461103,0.936215220794991,0.9619602689499601,0.9384208870899311,0.9607223460942244,0.8192066511117861,0.8888560205131248,0.9647721552474369,0.9398857322525356,0.6301377814693978,0.8313274338850599,0.9196609576199727,0.9329479682949777,0.9594420424089547,0.943475673394566,0.9591178892869447,0.7880419789705255,0.8364613236304799,0.9464426355860663,0.9364561118939434,0.6385138979200595,0.8341709929641749,0.9141162207512415,0.926034368789822,0.9679125842270304,0.9561654290240652,0.9652155251289969,0.8084076919050748,0.8534729225087181,0.9582338228317628,0.9411025120966263,0.6505484686945733,0.8338360300332986,0.9230186050390239,0.9371230032498478,0.9753603528327381,0.9659157485678813,0.959464659325558,0.8176391349056061,0.8710147341553303,0.9695380663266135,0.953678363428373
tc06,500,0.662,0.8532887514495554,0.9374040404040404,0.9457451527425309,0.9869999999999999,0.976,0.9850000000000001,0.844,0.925,0.9809999999999999,0.951,0.667,0.8258369319500195,0.9202613636363635,0.9246179784093265,0.9480000000000001,0.9269999999999999,0.945,0.784,0.873,0.9470000000000001,0.909,0.6232122733180046,0.8288388430446545,0.8988868429425286,0.9151355431778422,0.9543849309233309,0.9368848130289391,0.9506752945006014,0.7573755180849177,0.816588255002563,0.9462971335516294,0.921311775040782,0.6373420890487329,0.8390785981187993,0.9044282172080503,0.9155315372850877,0.9729687326591927,0.9577847525580179,0.9568492075440795,0.7679245289643157,0.8213878542466897,0.9505594156204218,0.9191532941224125,0.6581587009859455,0.8421354206932097,0.9092630956916627,0.9303487769267111,0.9769077907177591,0.967196526886066,0.9503091117039609,0.792413930714585,0.8730855114611856,0.9630151876837948,0.930266573870479
tc06_hard,50,0.6625,0.8987341772151899,0.6883116883116883,0.7215189873417721,0.7,0.7625,0.9375,0.7625,0.5125,0.65,0.7875,0.575,0.8354430379746836,0.6753246753246753,0.7721518987341772,0.6625,0.6,0.825,0.7125,0.575,0.6125,0.8375,0.5569620253164557,0.8481012658227848,0.6103896103896104,0.6835443037974683,0.7088607594936709,0.6962025316455697,0.810126582278481,0.6075949367088608,0.5822784810126582,0.620253164556962,0.8607594936708861,0.5569620253164557,0.8734177215189873,0.6883116883116883,0.6329113924050633,0.6708860759493671,0.6835443037974683,0.810126582278481,0.620253164556962,0.5949367088607594,0.6582278481012658,0.7468354430379747,0.5569620253164557,0.8481012658227848,0.6753246753246753,0.7215189873417721,0.6835443037974683,0.6329113924050633,0.8481012658227848,0.7088607594936709,0.5443037974683544,0.6835443037974683,0.7974683544303798
tc06_hard,5000,0.5998427672955975,0.9082997582594682,0.8611203181968843,0.9387590652699436,0.9333333333333333,0.8819182389937107,0.9638364779874213,0.819496855345912,0.8215408805031447,0.7776729559748428,0.9641509433962264,0.595125786163522,0.8804190169218372,0.8006297646668876,0.8554391619661563,0.8657232704402515,0.8040880503144654,0.9227987421383648,0.8028301886792453,0.7223270440251572,0.7534591194968554,0.9124213836477988,0.5829170024174053,0.8721998388396455,0.7955510273391068,0.8016116035455279,0.8518936341659952,0.7804995970991137,0.9248992747784045,0.7510072522159549,0.638033843674456,0.7500402900886382,0.9152296535052377,0.5922643029814666,0.8780016116035455,0.7809475292919001,0.8206285253827559,0.8678485092667204,0.8032232070910555,0.9287671232876712,0.7788879935535858,0.6612409347300564,0.7521353746978243,0.9144238517324738,0.5938759065269944,0.8850926672038678,0.8140601120733572,0.8614020950846092,0.8905721192586624,0.8149879129734086,0.9065269943593876,0.7883964544721999,0.6605962933118453,0.7664786462530218,0.9281224818694601
tc06_hard,500,0.57875,0.8811630847029077,0.7958115183246073,0.8963337547408344,0.91375,0.84625,0.94,0.7325,0.715,0.7375,0.94125,0.625,0.8584070796460177,0.731675392670157,0.7939317319848294,0.8125,0.7425,0.88875,0.73,0.6925,0.7325,0.8725,0.5777496839443742,0.820480404551201,0.7328042328042328,0.7762326169405815,0.8040455120101138,0.7319848293299621,0.9051833122629582,0.6877370417193426,0.5701643489254109,0.7130214917825537,0.877370417193426,0.5865992414664981,0.8571428571428571,0.7195767195767195,0.7509481668773704,0.8078381795195955,0.7193426042983565,0.8836915297092288,0.6927939317319848,0.6270543615676359,0.7243994943109987,0.8621997471554994,0.5941845764854614,0.8533501896333755,0.7632275132275133,0.8141592920353983,0.8331226295828066,0.7787610619469026,0.9013906447534766,0.7041719342604298,0.6194690265486725,0.7345132743362832,0.9039190897597977
tc01,50,0.8099999999999999,0.8224458204334365,0.9257142857142856,0.8852631578947369,0.78,0.8,0.96,0.65,0.75,0.8699999999999999,0.79,0.77,0.8087306501547987,0.8957142857142857,0.821733746130031,0.66,0.71,0.8700000000000001,0.62,0.74,0.8600000000000001,0.74,0.7727863777089784,0.8342105263157894,0.8261654135338347,0.809969040247678,0.7022291021671827,0.6797523219814241,0.8334984520123839,0.603405572755418,0.6938080495356038,0.8112074303405572,0.7020433436532507,0.7501547987616098,0.8012074303405573,0.8116367842683632,0.8134984520123838,0.7420433436532508,0.7566253869969041,0.8550773993808051,0.5785139318885448,0.7160990712074303,0.8217337461300309,0.6625696594427245,0.7829721362229102,0.8445510835913312,0.8612608444187393,0.8627863777089783,0.7297523219814241,0.7478637770897831,0.9073684210526316,0.6064086687306501,0.7606811145510836,0.885077399380805,0.6704643962848296
tc01,5000,0.7770358974358974,0.8708266642188587,0.9133240574583127,0.936815757631226,0.8596487179487179,0.871525641025641,0.9649948717948718,0.7675641025641026,0.8423948717948717,0.9482615384615386,0.8554282051282052,0.7562846153846154,0.8347490833817727,0.8911635091302458,0.8975855834925082,0.7743076923076923,0.7507128205128205,0.9128948717948717,0.6751282051282051,0.7950179487179487,0.8983410256410258,0.8015589743589743,0.7373337956039662,0.8258130255528584,0.8728343251908658,0.8680078973847032,0.7659872950512133,0.7570585322210871,0.9071153873930324,0.6643910922822083,0.7737044242789932,0.8709679464081672,0.7988141163297107,0.7466304859705009,0.8356964034057175,0.8747981138540146,0.8906740087649038,0.7843292640264204,0.7731839470148587,0.9168134519645946,0.6663365219188745,0.7918454951579534,0.889260423283669,0.8070576862844148,0.7495936046115387,0.8422452031503489,0.8858578476782124,0.9029475402231786,0.7914759156463562,0.7825550487086756,0.9124650482998071,0.6714903401685637,0.7967512881601413,0.9089213514433399,0.8232075700127222
tc01,500,0.7630000000000001,0.8451358057622725,0.9184309983797256,0.9314099205739035,0.8480000000000001,0.869,0.96,0.744,0.826,0.9339999999999999,0.836,0.742,0.8298578683473334,0.8679506919809873,0.8837518790038368,0.731,0.698,0.9120000000000001,0.663,0.757,0.891,0.784,0.7370543756700747,0.799686210595771,0.8677650123073584,0.8633716682893244,0.7421796313323268,0.7145465164230629,0.8897113697815333,0.63878562604207,0.7558548728297695,0.8763386904527252,0.7928455155526903,0.7511234027389678,0.8228762657429469,0.8700788453606659,0.8727158439229742,0.7510566435855635,0.7262178939034505,0.9128399979438804,0.6526679636260057,0.7539760857239589,0.879518188736329,0.7429269245589586,0.737783573980501,0.8146482667737418,0.8969683257628212,0.8990517263868952,0.7512638942675227,0.7396821058260075,0.8956518479182561,0.6478389573231487,0.7743981612994986,0.8928968997038723,0.7693653822295603
tc01_hard,50,0.6499999999999999,0.8201584507042254,0.6946022727272727,0.6763204225352113,0.6312500000000001,0.65,0.75625,0.63125,0.675,0.83125,0.625,0.58125,0.7717429577464789,0.6870265151515151,0.6247359154929577,0.5625,0.6187499999999999,0.7250000000000001,0.6187499999999999,0.58125,0.8187500000000001,0.60625,0.5933978873239436,0.7537852112676056,0.7149784482758621,0.6161091549295774,0.5605633802816901,0.5566901408450704,0.6943661971830986,0.5738556338028169,0.6113556338028169,0.7193661971830986,0.5973591549295774,0.5676056338028168,0.8233274647887323,0.6977370689655172,0.692693661971831,0.5551056338028169,0.6004401408450704,0.6943661971830986,0.5903169014084506,0.6121478873239437,0.7866197183098591,0.5903169014084506,0.6074823943661971,0.8170774647887324,0.7235991379310345,0.6692781690140845,0.5887323943661972,0.6215669014084506,0.7124119718309859,0.5949823943661972,0.6215669014084506,0.7882042253521127,0.5645246478873239
tc01_hard,5000,0.646498975409836,0.8881725006810133,0.6811299621622786,0.8784396849178244,0.6438422131147541,0.6457715163934425,0.8350122950819672,0.6179631147540984,0.799093237704918,0.9177879098360655,0.7479590163934426,0.6145922131147541,0.8413675883047308,0.6601727467888195,0.8184049532370834,0.5688493852459016,0.5684795081967213,0.780047131147541,0.5770338114754099,0.7161290983606557,0.8816844262295083,0.6894405737704918,0.6073038615119339,0.8177018069554163,0.65308510791057,0.7153108825932988,0.5820316045013159,0.5719019421000091,0.7924533759869317,0.5942236137580543,0.7138539114257192,0.8428470142481168,0.6521406207459842,0.6223074916054088,0.8554617270498501,0.6559282606510533,0.7883626169072915,0.5956886967964425,0.5724169616117615,0.801233664579363,0.5705463290679735,0.7327343679099736,0.8695752790634359,0.6303782103639168,0.6082448498048825,0.8591113910832653,0.6646156718025301,0.8031712521565423,0.5882135402486615,0.5795251383973137,0.8100581949360196,0.587579975496869,0.738585057627734,0.8951464515836283,0.6702576231962973
tc01_hard,500,0.6641700819672132,0.8883372851215174,0.6991880565741226,0.8812981624184943,0.665625,0.6780225409836065,0.9099795081967212,0.6473258196721312,0.8096926229508197,0.9373155737704918,0.7055840163934426,0.6351331967213114,0.865529957594273,0.6814562598218963,0.7863042040946606,0.5876536885245902,0.5508094262295082,0.8577151639344263,0.5891905737704918,0.6926024590163935,0.9085245901639344,0.6219569672131148,0.6226574255619899,0.8600069536272856,0.700411709546973,0.7085945693310839,0.5893911586338972,0.5866154074141626,0.8288581232045962,0.5701746386393689,0.7179392184578907,0.828157060781542,0.6113121836669555,0.6190666180292737,0.8641420819844057,0.6827418976733283,0.7491450458255438,0.5852417810405363,0.5769430258538142,0.8667183438967672,0.5741815238703205,0.7215300259906069,0.8812554147097715,0.636795517760248,0.6308279376225434,0.8530675755779491,0.6907343374553127,0.8353386758469745,0.6037999863207333,0.5956294742601796,0.8612523368747436,0.6039282294469016,0.7262094751721309,0.8978671743194564,0.6402295836943139
tc12,50,0.9,0.9131091617933724,0.9666666666666667,0.9653508771929825,0.9583333333333334,0.9583333333333334,0.9666666666666667,0.8833333333333333,0.9750000000000001,0.9750000000000001,0.9083333333333333,0.9333333333333332,0.9135964912280702,0.9500000000000001,0.9315789473684211,0.7916666666666666,0.7666666666666666,0.9249999999999999,0.8083333333333332,0.9583333333333334,0.9833333333333334,0.775,0.8209551656920078,0.8784600389863547,0.9570175438596492,0.9070175438596492,0.8042397660818713,0.7371832358674464,0.9412280701754385,0.7556530214424951,0.9232456140350878,0.9578947368421052,0.7603801169590643,0.8552631578947368,0.904775828460039,0.9149122807017545,0.9227582846003899,0.7797270955165692,0.7973196881091617,0.9398635477582845,0.78635477582846,0.9491228070175438,0.9662280701754388,0.7519493177387915,0.8815789473684211,0.8617933723196881,0.9649122807017544,0.9569688109161794,0.8722222222222222,0.7612573099415205,0.9153508771929824,0.803411306042885,0.9578947368421052,0.9828947368421054,0.8454678362573099
tc12,5000,0.8896205091817676,0.9094648948310308,0.9550152530478832,0.9383595734890088,0.8890828501888105,0.8979880062909865,0.9278514138547251,0.8336164519806905,0.9607424273665996,0.9845662251655628,0.871877810930791,0.8727005575366502,0.8833678835547046,0.9286055698734117,0.9104069640708143,0.767912856091664,0.7534186133954345,0.9121466677178599,0.7749267136469123,0.9483661548164859,0.9742061389677285,0.8172902970833436,0.8492617780936982,0.8678765811475687,0.922705180940313,0.9131242774372804,0.7661681284852476,0.7543961061251481,0.8937772292306931,0.7432415889539691,0.8784925859182676,0.9487213122334147,0.8008107396794154,0.848361876475337,0.8746520178157234,0.9151565908025637,0.914559591013029,0.8084934123519053,0.7832993578425832,0.9121171337495985,0.7611932668904521,0.9226812531072349,0.9701287991111709,0.813269088385619,0.8579190939781293,0.8934032088214261,0.9228267747093474,0.9262025477022976,0.8257166646017023,0.8124438182406032,0.9045554298352337,0.7891808194706739,0.938736705138283,0.9709573627666787,0.8556610332399451
tc12,500,0.9161691086691087,0.9254936841783284,0.9676474745552603,0.9594223541239496,0.9581746031746031,0.9492643467643468,0.9558730158730159,0.8675641025641027,0.9812301587301587,0.9778968253968254,0.8990811965811966,0.887912087912088,0.901660540075076,0.9444148052851898,0.9353503519562648,0.8195726495726495,0.7788339438339439,0.9199206349206349,0.7976007326007326,0.9595238095238096,0.9753968253968254,0.8265323565323565,0.8544284110151846,0.8758940672748983,0.9415792698388074,0.9413723841207181,0.8143827556519039,0.7666464199972364,0.9191881663084477,0.7837642012156173,0.9268724918997294,0.9698138924834095,0.8199152661532128,0.8902733135938424,0.9053947581519955,0.9489051260945932,0.9299139131801469,0.8194992339831342,0.806263248917462,0.9296024755892297,0.7812419105160914,0.9322899770906372,0.9713945334466333,0.8494575013047697,0.8885552292961628,0.900515804459144,0.9595496243880218,0.9403535186518702,0.8452162297390783,0.8207176723394788,0.9281580122337174,0.8054055235272607,0.9594772370821937,0.9823072833666534,0.8410332841473322
tc12_hard,50,0.7916666666666666,0.7498350057685501,0.7895942053469388,0.754131649938612,0.7395833333333334,0.75,0.7791666666666667,0.6958333333333333,0.7541666666666665,0.8041666666666667,0.65625,0.7124999999999999,0.7397231780934312,0.7638230779374428,0.7168964089850167,0.61875,0.6125,0.7395833333333334,0.6520833333333332,0.7416666666666667,0.7458333333333332,0.6583333333333333,0.6510889619275696,0.6653719363371262,0.726241349986978,0.706387419599445,0.5751029952770459,0.5943621771944557,0.7376516373351817,0.6503271282543435,0.7351030434100054,0.7095988506589773,0.6135271666126096,0.6681264189966721,0.7267275752244107,0.7465298607245643,0.7490919624622157,0.615226084213426,0.5990863346084866,0.7606935330036596,0.6935211092647803,0.7170698079717068,0.7351121886723152,0.5942987435076043,0.6585777006663083,0.7122299370717092,0.7672167368619734,0.7218001301070922,0.6129305585792927,0.6136062342549684,0.7497675918561995,0.6916808658897265,0.7309074506859318,0.7206450316418671,0.6284112291232544
tc12_hard,5000,0.7207368606251433,0.7043866950206142,0.71390906179474,0.7212624249613651,0.7102331625785135,0.721521727797819,0.6957202295517049,0.6527946141856247,0.7623935494586586,0.7552059938532899,0.6594249327522572,0.6723888318354638,0.6646399096497159,0.6811724923683339,0.6768113228154435,0.5965944869883438,0.5939596664141256,0.6508446548180894,0.6217852669810687,0.7059945902058092,0.7068356732477937,0.620915918166274,0.6243709161853355,0.6288063045838478,0.667701676417841,0.6826147929225077,0.6170700528826979,0.5912586444573168,0.6656102648442683,0.6349687056242007,0.6978392515239259,0.6802893899989746,0.6180864036246322,0.6444685919636755,0.6466612507177272,0.6894481538707682,0.6833589407186299,0.6249855971287207,0.6026746529266106,0.6772917746558909,0.6095527315021645,0.7010743787794489,0.7156386024243085,0.6021368678118966,0.6474492004324998,0.6470676103520843,0.7037515444355815,0.6888871376461528,0.644226433715802,0.6153802916857035,0.6597737756537932,0.6378560803177774,0.7315365489069099,0.7084329285720995,0.6063909326846146
tc12_hard,500,0.7713655462184875,0.7502317186403165,0.7893338388196351,0.7942767342770941,0.7791211484593838,0.7815948879551821,0.7712535014005603,0.7282230392156862,0.7930532212885154,0.793109243697479,0.7066176470588235,0.7361449579831932,0.7359503749042334,0.7447970051613666,0.7588112349490673,0.6259628851540616,0.6324334733893557,0.7282457983193278,0.6785329131652661,0.7407615546218488,0.7446358543417366,0.6379569327731093,0.663123742181276,0.7111654259058361,0.7324221943061083,0.74664388660022,0.6298300328208086,0.6103922934672533,0.7227202723725097,0.6866038804848128,0.7632318448324839,0.7399900192459749,0.645531653620643,0.7021089594081893,0.6919982772885982,0.7657627453443987,0.748457352567908,0.6306877646832916,0.6237082182293022,0.732888950628336,0.6893326439024992,0.7521445538648099,0.745930042182308,0.637900779653671,0.7009045805474209,0.7077148662401774,0.744428956119795,0.7629740860168197,0.6580117867707248,0.6203827894683073,0.7331191450335112,0.7059966143790048,0.7628930202524393,0.7471660462978306,0.6612705236861417
